Runoff_Assumption,Runoff_WAL_Months,Stable_Pct,NonStable_Pct,Total_WAL_Years,NonStable_Amount_per_1M
1-month (Immediate / Liquidity Stress),0.5,55.9661865234375,44.0338134765625,4.853424760555797,440338.134765625
6-month (Linear),3.5,54.8614501953125,45.1385498046875,4.853304886070864,451385.498046875
12-month (Linear),6.5,53.4637451171875,46.5362548828125,4.8534286737208445,465362.548828125
24-month (Linear),12.5,50.3875732421875,49.6124267578125,4.853402668739965,496124.267578125
36-month (Linear),18.5,46.8719482421875,53.1280517578125,4.853091751077664,531280.517578125
