Balance_Size,Balance_Label,Beta_Rate,Beta_Credit,WAL_MC_Years,WAL_Det_Years,Final_Balance_MC,Final_Pct_MC
50000,$50K,0.1221271594610713,0.04525632252408872,5.549660021473917,5.854384232490527,677.6806116543598,1.3553612233087198
100000,$100K,0.1503561700881817,0.05971607558302459,5.22117890927035,5.537114532070558,1083.3626114368647,1.0833626114368646
250000,$250K,0.1979261866159341,0.08615237662477761,4.753324592192955,5.070767428364808,1927.784412197494,0.7711137648789976
500000,$500K,0.24367571890687068,0.11367874248827985,4.380991439300553,4.688519613758001,2879.377502546322,0.5758755005092644
1000000,$1M,0.3,0.15,4.0,4.288418501350814,4169.955901277987,0.41699559012779874
