Scenario,α Parameter,MA Window,WAL Mean (years),WAL P05 (years),vs Base Mean,vs Base P05
base,0.0,12-mo,5.736235125890121,4.5392710887251155,+0.0%,+0.0%
moderate_12mo,0.3,12-mo,5.490301146680898,4.202955990447017,-4.3%,-7.4%
strong_12mo,0.5,12-mo,5.34033048552598,4.000298487026219,-6.9%,-11.9%
strong_24mo,0.5,24-mo,5.135543443455169,3.6954790729749236,-10.5%,-18.6%
very_strong_24mo,0.7,24-mo,4.937847067015619,3.4391398377764655,-13.9%,-24.2%
extreme_24mo,0.8,24-mo,4.8461495312998055,3.327557104233384,-15.5%,-26.7%
