Shock_BPS,Label,WAL_MC_Years,WAL_Det_Years,WAL_Anal_Years,Final_Balance_MC,Retention_MC_Pct
0,Baseline (0 bps),4.0,4.288418501350818,4.288702180234682,41.699559012779865,0.4169955901277987
50,Moderate (+50 bps),3.9022375945270573,4.176773625835362,4.177049919410711,38.80802095214172,0.38808020952141714
100,Severe (+100 bps),3.809396089091181,4.070950059169388,4.0712193525158025,36.204526051368376,0.36204526051368374
200,Crisis (+200 bps),3.6370062608595397,3.875017177583071,3.875273509969369,31.718338956599204,0.31718338956599207
